Keyword,Intent,Volume,Keyword Difficulty,CPC (USD),SERP Features
resume now,Navigational,60500,49,1.82,"Sitelinks, Reviews, Video, People also ask, Related searches, Ads top, Ads bottom"
what is a cv vs resume,Commercial,60500,40,0.31,"Sitelinks, AI Overview, Reviews, Video, Video carousel, People also ask, Discussions and forums, Related searches"
canva resume templates,Navigational,27100,36,2.39,"Sitelinks, Reviews, Image pack, Video, People also ask, Related searches"
resume genius,"Navigational, Commercial",27100,47,1.95,"Sitelinks, Reviews, Video, Video carousel, Short videos, People also ask, Discussions and forums, Related searches, Ads top, Ads bottom"
resume now resume,Informational,27100,47,1.82,"Sitelinks, AI Overview, Reviews, Image pack, Video, People also ask, Discussions and forums, Related searches"
skills for resume,"Informational, Commercial",27100,31,0.20,"Sitelinks, AI Overview, Reviews, Video, People also ask, Discussions and forums, Related searches"
cv vs resume,Commercial,22200,47,0.34,"Sitelinks, AI Overview, Reviews, Video, Video carousel, People also ask, Discussions and forums, Related searches"
harvard university resume format,"Informational, Transactional",22200,43,1.48,"Reviews, Image, Image pack, Video, People also ask, Related searches"
skills to put on resume,"Informational, Commercial",22200,35,0.10,"Sitelinks, AI Overview, Reviews, Video, People also ask, Discussions and forums, Related searches"
indeed resume,Navigational,14800,45,1.97,"Video, People also ask, Related searches"
resume template google docs,Informational,14800,48,1.86,"Sitelinks, AI Overview, Reviews, Image pack, Video, People also ask, Related searches"
canva resume,Navigational,12100,44,2.59,"Sitelinks, Reviews, Video, Related searches"
canva resume template,Navigational,12100,42,2.46,"Sitelinks, Reviews, Image, Image pack, Video, People also ask, Related searches"
google doc resume template,Commercial,12100,46,1.86,"Sitelinks, Reviews, Image, Image pack, Video, Video carousel, People also ask, Related searches, Ads top, Ads bottom"
how to make a resume for first job,"Informational, Commercial",12100,34,1.06,"Sitelinks, AI Overview, Reviews, Video, Video carousel, People also ask, Related searches"
myperfectresume resume builder,Navigational,12100,37,0.00,"Sitelinks, AI Overview, Reviews, People also ask, Related searches"
resume io resume builder,Navigational,12100,44,1.75,"Sitelinks, Reviews, Video, Video carousel, People also ask, Related searches, Ads top, Ads middle"
teal resume builder,"Informational, Commercial",12100,32,2.44,"Sitelinks, AI Overview, Reviews, Video, Video carousel, People also ask, Related searches, Things to know"
what is a resume,Informational,12100,37,1.29,"AI Overview, Reviews, Image pack, Video, Video carousel, People also ask, Related searches"
best font for resume,Commercial,9900,47,0.18,"Sitelinks, AI Overview, Reviews, Image pack, Video, Video carousel, People also ask, Discussions and forums, Related searches"
curriculum vitae vs resume,Commercial,9900,42,0.34,"Sitelinks, AI Overview, Reviews, Image pack, Video, People also ask, Related searches"
high school resume,Informational,9900,31,0.87,"Sitelinks, Reviews, Image, Image pack, Video, Short videos, People also ask, Discussions and forums, Related searches, Things to know"
how long should a resume be,Informational,9900,31,0.83,"Sitelinks, AI Overview, Reviews, Video, People also ask, Discussions and forums, Related searches"
how to add resume to linkedin,Informational,9900,41,0.05,"AI Overview, Reviews, Video, Video carousel, Short videos, People also ask, Discussions and forums, Related searches"
resume templates google docs,Commercial,9900,46,1.86,"Sitelinks, AI Overview, Reviews, Image pack, Video, Video carousel, People also ask, Related searches"
resume vs cv,Commercial,9900,34,0.34,"Sitelinks, AI Overview, Reviews, Image, Image pack, Video, People also ask, Discussions and forums, Related searches"
harvard resume format,Informational,8100,39,1.48,"Reviews, Image, Image pack, Video, People also ask, Related searches"
how to build a resume website,Informational,8100,49,3.58,"Sitelinks, AI Overview, Reviews, Video, Video carousel, People also ask, Related searches"
resume io resume templates,"Informational, Navigational",8100,45,0.00,"Sitelinks, Reviews, Image pack, Video, Video carousel, People also ask, Related searches, Ads bottom"
resume summary examples,Informational,8100,37,0.58,"Sitelinks, AI Overview, Reviews, Image, Video, People also ask, Related searches"
uscis must resume processing paused green card applications immediately,Informational,8100,31,1.72,"Sitelinks, AI Overview, Video, Video carousel, People also ask, Related searches"
ats resume template,Informational,6600,41,1.90,"Sitelinks, AI Overview, Reviews, Video, Related searches"
best skills to put on a resume,Commercial,6600,40,0.18,"Sitelinks, AI Overview, Reviews, Video, People also ask, Related searches"
college resume,Informational,6600,49,1.81,"Reviews, Image, Image pack, Video, Video carousel, People also ask, Related searches, Things to know"
high school resume examples,Informational,6600,38,0.49,"Sitelinks, Reviews, Image, Image pack, Video, People also ask, Related searches"
high school resume template,Informational,6600,49,0.00,"Sitelinks, Reviews, Image, Image pack, Video, Video carousel, Related searches, Ads bottom"
jakes resume,Informational,6600,30,0.10,"Sitelinks, Reviews, Image, Image pack, Video, People also ask, Related searches"
perfect resume,Navigational,6600,47,2.48,"Sitelinks, Reviews, Image pack, Video, Video carousel, Knowledge panel, Related searches"
resume co,Navigational,6600,38,2.63,"Sitelinks, Reviews, Video, People also ask, Related searches"
resume skills for,"Informational, Commercial",6600,42,0.10,"Sitelinks, AI Overview, Reviews, Video, Video carousel, Short videos, People also ask, Discussions and forums, Related searches"
focused resume,Informational,5400,44,3.16,"Sitelinks, AI Overview, Reviews, Image pack, Video, Video carousel, People also ask, Discussions and forums, Related searches"
microsoft resume template,"Informational, Transactional",5400,30,1.97,"Sitelinks, Reviews, Image, Image pack, Video, Video carousel, Related searches"
professional objective resume sample,Informational,5400,30,0.45,"Sitelinks, AI Overview, Reviews, Image pack, Video, People also ask, Related searches"
resume for high school student,Informational,5400,38,0.00,"AI Overview, Reviews, Image pack, Video, People also ask, Discussions and forums, Related searches"
resume now login,"Navigational, Transactional",5400,39,1.17,"Reviews, Video, People also ask, Related searches, Ads top, Ads bottom"
resume skills,"Informational, Commercial",5400,30,0.32,"Sitelinks, AI Overview, Reviews, Video, People also ask, Related searches"
resume skills examples,"Informational, Commercial",5400,32,0.20,"Sitelinks, AI Overview, Reviews, Image, Video, Video carousel, People also ask, Discussions and forums, Related searches"
resume.co,Navigational,5400,40,2.67,"Sitelinks, Reviews, Video, People also ask"
resume.io,Navigational,5400,49,1.72,"Sitelinks, Reviews, Video, Video carousel, People also ask, Ads top, Ads bottom"
what is curriculum vitae and resume,Informational,5400,48,0.56,"Sitelinks, AI Overview, Reviews, Image pack, Video, Video carousel, People also ask, Related searches"
chronological resume template,Informational,4400,34,1.65,"Sitelinks, AI Overview, Reviews, Image, Image pack, Video, People also ask"
curriculum vitae versus resume,Commercial,4400,42,0.34,"Sitelinks, AI Overview, Reviews, Image pack, Video, Video carousel, People also ask, Discussions and forums, Related searches, Ads bottom"
difference between cv and resume,"Informational, Commercial",4400,32,0.22,"Sitelinks, AI Overview, Reviews, Video, People also ask, Discussions and forums, Related searches"
free google docs resume templates,Informational,4400,45,2.07,"Sitelinks, AI Overview, Reviews, Video, Related searches"
high school student resume,Informational,4400,38,0.00,"Sitelinks, Reviews, Image, Image pack, Video, People also ask, Discussions and forums, Related searches"
jake's resume,Informational,4400,31,0.06,"Sitelinks, Reviews, Image, Image pack, Video, People also ask, Related searches"
law school resume,Informational,4400,30,0.00,"Sitelinks, Reviews, Image, Image pack, Video, Short videos, Discussions and forums, Related searches"
linkedin resume,Transactional,4400,48,0.66,"Reviews, Image pack, Video, People also ask, Related searches"
myperfect resume,Navigational,4400,45,2.65,"Sitelinks, Reviews, Video, People also ask, Knowledge panel, Related searches"
nursing resume,Informational,4400,30,2.22,"Sitelinks, Reviews, Image pack, Video, Video carousel, People also ask, Discussions and forums, Related searches, Things to know"
references on resume,Informational,4400,33,0.57,"Sitelinks, AI Overview, Reviews, Video, Video carousel, People also ask, Discussions and forums, Related searches"
resume genious,Navigational,4400,45,1.95,"Sitelinks, Reviews, Video, Video carousel, People also ask, Discussions and forums, Related searches"
resume spelling,Informational,4400,34,0.04,"Sitelinks, AI Overview, Reviews, Instant answer, Video, Video carousel, Short videos, People also ask, Related searches"
resume summary,Informational,4400,32,0.80,"Sitelinks, AI Overview, Reviews, Image, Image pack, Video, People also ask, Related searches, Things to know"
resume-now,Navigational,4400,34,1.82,"Sitelinks, Reviews, Video, People also ask, Related searches"
resume/cv what is cv,Informational,4400,39,0.58,"Sitelinks, AI Overview, Reviews, Video, People also ask, Related searches"
skills to add to resume,Informational,4400,35,0.10,"Sitelinks, AI Overview, Reviews, Video, Short videos, People also ask, Discussions and forums, Related searches"
the giver resumen,Informational,4400,34,0.48,"AI Overview, Reviews, Image pack, Video, Video carousel, People also ask, Related searches"
what is a cover letter for a resume,Informational,4400,44,1.23,"Sitelinks, AI Overview, Reviews, Image, Video, People also ask, Related searches"
when will snap benefits resume,Informational,4400,38,0.00,"AI Overview, Video, People also ask, Related searches"
best resume writing service,Commercial,3600,47,5.20,"Sitelinks, AI Overview, Reviews, Video, People also ask, Local pack, Discussions and forums, Related searches, Ads bottom"
chat gpt resume,Informational,3600,48,2.92,"Sitelinks, AI Overview, Reviews, Video, Video carousel, People also ask, Related searches"
chat gpt resume prompts,Informational,3600,36,1.03,"Sitelinks, AI Overview, Reviews, Video, Video carousel, People also ask, Related searches, Ads top, Ads bottom"
college student resume,Informational,3600,47,2.28,"Reviews, Image, Image pack, Video, Short videos, People also ask, Related searches"
customer service resume,Informational,3600,39,1.39,"Sitelinks, AI Overview, Reviews, Video, People also ask, Related searches"
cv versus resume,Commercial,3600,46,0.35,"Sitelinks, AI Overview, Reviews, Video, Video carousel, People also ask, Related searches"
functional resume,Informational,3600,46,0.83,"Sitelinks, AI Overview, Reviews, Image, Video, Video carousel, People also ask, Discussions and forums, Related searches, Things to know"
google docs resume,Informational,3600,35,1.75,"Sitelinks, Reviews, Video, Video carousel, People also ask, Discussions and forums, Related searches, Ads bottom"
google resume templates,Informational,3600,41,2.03,"Sitelinks, AI Overview, Reviews, Image pack, Video, Video carousel, People also ask, Related searches"
high school student resume template,Informational,3600,44,1.01,"Sitelinks, AI Overview, Reviews, Image, Image pack, Video, Related searches"
how to add a resume to linkedin,Informational,3600,37,0.05,"AI Overview, Reviews, Video, Short videos, People also ask, Discussions and forums, Related searches"
how to spell resume,Informational,3600,35,0.03,"Sitelinks, AI Overview, Reviews, Video, Video carousel, People also ask, Related searches"
how to upload resume to linkedin,Informational,3600,41,0.05,"AI Overview, Reviews, Video, People also ask, Related searches"
jobscan resume builder,Informational,3600,48,2.70,"Sitelinks, Reviews, Video, Video carousel, People also ask, Related searches, Ads bottom"
registered nurse resume,Transactional,3600,35,2.49,"Sitelinks, Reviews, Image pack, Video, People also ask, Related searches, Things to know"
resume coach,Commercial,3600,38,2.72,"Sitelinks, Reviews, Video, Video carousel, People also ask, Local pack, Related searches"
resume definition cv,Informational,3600,46,0.54,"AI Overview, Reviews, Video, Video carousel, People also ask, Related searches"
resume examples for college students,Informational,3600,41,0.00,"Reviews, Image, Image pack, Video, Video carousel, People also ask, Related searches"
resume genius login,"Navigational, Transactional",3600,43,0.89,"Sitelinks, Reviews, Video, People also ask, Related searches"
resume high school student,Informational,3600,38,0.87,"Sitelinks, Reviews, Image pack, Video, Short videos, People also ask, Discussions and forums, Related searches"
resume nerd,Navigational,3600,40,2.64,"Sitelinks, Reviews, Image pack, Video, People also ask, Related searches"
resume review,Commercial,3600,49,1.86,"Sitelinks, AI Overview, Reviews, Video, Discussions and forums, Related searches, Things to know, Ads bottom"
resume template for high school students,Informational,3600,48,1.11,"Sitelinks, Reviews, Image, Image pack, Video, Video carousel, People also ask, Related searches"
resume what,Informational,3600,42,1.29,"AI Overview, Reviews, Image pack, Video, Video carousel, Short videos, People also ask, Related searches"
sample resumes,Informational,3600,49,1.37,"Reviews, Image, Image pack, Video, People also ask, Related searches"
skills resume,Informational,3600,38,0.27,"Sitelinks, AI Overview, Reviews, Video, People also ask, Related searches"
summary for resume,Informational,3600,35,0.80,"Sitelinks, AI Overview, Reviews, Video, Video carousel, People also ask, Discussions and forums, Related searches, Things to know"
teal resume,Navigational,3600,38,2.20,"Sitelinks, Reviews, Video, People also ask, Related searches"
acting resume template,Informational,2900,36,0.77,"Sitelinks, Reviews, Image, Image pack, Video, Related searches"
ai resume checker,Commercial,2900,36,2.28,"Reviews, Video, People also ask, Discussions and forums, Related searches"
ats friendly resume templates,Informational,2900,49,1.73,"Sitelinks, AI Overview, Reviews, Image, Video, Video carousel, Short videos, Related searches"
best fonts for resume,Commercial,2900,42,0.18,"Sitelinks, AI Overview, Reviews, Image pack, Video, Video carousel, People also ask, Discussions and forums, Related searches"
best resume fonts,Commercial,2900,41,0.18,"Sitelinks, AI Overview, Reviews, Image pack, Video, People also ask, Discussions and forums, Related searches"
college student resume examples,Informational,2900,43,0.00,"AI Overview, Reviews, Image, Image pack, Video, Related searches"
computer skills for resume,Informational,2900,31,0.16,"Sitelinks, AI Overview, Reviews, Image pack, Video, Video carousel, People also ask, Discussions and forums, Related searches"
craft resume summary heading,Informational,2900,44,0.00,"Sitelinks, AI Overview, Reviews, Video, Video carousel, People also ask, Related searches"
cv resume vs resume,Commercial,2900,36,0.34,"Sitelinks, AI Overview, Reviews, Image, Video, People also ask, Discussions and forums, Related searches"
examples of high school resumes,Informational,2900,32,0.00,"Sitelinks, Reviews, Image, Image pack, Video, Video carousel, People also ask, Discussions and forums, Related searches"
good skills to have on resume,"Informational, Commercial",2900,35,0.11,"Sitelinks, AI Overview, Reviews, Video, People also ask, Discussions and forums, Related searches, Ads bottom, Ads middle"
good skills to put on resume,"Informational, Commercial",2900,33,0.18,"Sitelinks, AI Overview, Reviews, Video, Short videos, People also ask, Discussions and forums, Related searches"
google resume,Informational,2900,46,2.31,"Sitelinks, AI Overview, Reviews, Image pack, Video, People also ask, Related searches"
harvard resume,Informational,2900,44,1.35,"Reviews, Image pack, Video, Short videos, Discussions and forums, Related searches, Things to know"
how to post resume on linkedin,Informational,2900,43,0.04,"AI Overview, Reviews, Video, People also ask, Related searches"
indeed resumes,"Informational, Navigational",2900,48,1.97,"Sitelinks, Video, Video carousel, People also ask, Related searches"
law school resume examples,Informational,2900,32,0.00,"Sitelinks, Reviews, Image, Image pack, Video, Related searches"
linkedin resume builder,Navigational,2900,48,2.96,"Sitelinks, AI Overview, Reviews, Video, People also ask, Discussions and forums, Related searches, Ads bottom"
modern resume format,Informational,2900,43,2.32,"Sitelinks, AI Overview, Reviews, Image, Video, People also ask, Related searches"
professional resume writers,Commercial,2900,49,4.12,"Sitelinks, Reviews, Video, People also ask, Local pack, Related searches, Ads top, Ads bottom"
professional synopsis in resume,Informational,2900,31,0.99,"Sitelinks, AI Overview, Reviews, Image, Image pack, Video, Video carousel, People also ask, Discussions and forums, Related searches, Ads bottom"
resume companies,Commercial,2900,42,2.49,"Sitelinks, Reviews, Video, People also ask, Local pack, Related searches"
resume examples for high school students,Informational,2900,43,0.00,"Reviews, Image, Image pack, Video, People also ask, Discussions and forums, Related searches"
resume google docs template,Commercial,2900,35,1.86,"Sitelinks, Reviews, Image, Image pack, Video, Video carousel, Related searches, Ads bottom"
resume services,Commercial,2900,46,4.14,"Reviews, Video, People also ask, Local pack, Related searches"
resume templates for high school students,Informational,2900,47,0.00,"Sitelinks, Reviews, Image, Image pack, Video, People also ask, Related searches, Ads bottom"
skills to add on resume,"Informational, Commercial",2900,32,0.10,"Sitelinks, AI Overview, Reviews, Video, Video carousel, People also ask, Discussions and forums, Related searches"
skills to include on resume,"Informational, Commercial",2900,34,0.08,"Sitelinks, AI Overview, Reviews, Video, People also ask, Discussions and forums, Related searches"
teal - resume builder,Informational,2900,30,2.44,"Sitelinks, Reviews, Video, Video carousel, Short videos, People also ask, Related searches"
teal ai resume builder,Informational,2900,41,2.23,"Sitelinks, Reviews, Video, Video carousel, People also ask, Related searches"
what are some skills to put on a resume,Informational,2900,36,0.21,"Sitelinks, AI Overview, Reviews, Video, People also ask, Related searches"
what does a good resume look like,Informational,2900,44,2.31,"Sitelinks, AI Overview, Reviews, Image, Video, Video carousel, Short videos, People also ask, Discussions and forums, Related searches"
what is cv on a resume,Informational,2900,48,0.58,"Sitelinks, AI Overview, Reviews, Image pack, Video, People also ask, Related searches"
what to put on a resume,Informational,2900,40,1.12,"Sitelinks, AI Overview, Reviews, Video, Video carousel, Short videos, People also ask, Discussions and forums, Related searches"
add resume to linkedin,Informational,2400,45,0.05,"AI Overview, Reviews, Video, Short videos, People also ask, Discussions and forums, Related searches"
animal farm resume,Informational,2400,38,0.23,"AI Overview, Reviews, Video, Video carousel, People also ask, Discussions and forums, Related searches"
ats resume templates,Informational,2400,46,1.88,"Sitelinks, Reviews, Image, Image pack, Video, Video carousel, Related searches"
best resume font,Commercial,2400,42,0.18,"Sitelinks, AI Overview, Reviews, Image pack, Video, Video carousel, People also ask, Discussions and forums, Related searches"
cna resume,Informational,2400,31,1.44,"Sitelinks, Reviews, Image, Image pack, Video, Video carousel, People also ask, Related searches, Things to know"
cna resume examples,Informational,2400,35,0.76,"Reviews, Image, Image pack, Video, Video carousel, People also ask, Discussions and forums, Related searches"
customer service resume examples,Informational,2400,33,0.72,"Sitelinks, Reviews, Image, Image pack, Video, People also ask"
cv meaning resume,Informational,2400,44,0.43,"Sitelinks, AI Overview, Reviews, Image pack, Video, Video carousel, People also ask, Related searches"
cv or resume difference,Informational,2400,38,0.22,"Sitelinks, AI Overview, Reviews, Video, Video carousel, People also ask, Discussions and forums, Related searches"
difference between a curriculum vitae cv and a resume,Informational,2400,36,0.22,"Sitelinks, AI Overview, Reviews, Video, People also ask, Related searches"
engineering resume,Informational,2400,30,1.42,"Sitelinks, Reviews, Image, Image pack, Video, Video carousel, Related searches, Things to know"
federal resume template,Informational,2400,35,1.57,"AI Overview, Reviews, Video, People also ask, Related searches"
font size for resume,Informational,2400,37,0.23,"Sitelinks, AI Overview, Reviews, Image, Image pack, Video, People also ask, Related searches"
good skills for resume,"Informational, Commercial",2400,30,0.10,"Sitelinks, AI Overview, Reviews, Video, Short videos, People also ask, Ads bottom"
google docs resume templates,Informational,2400,48,1.83,"Sitelinks, AI Overview, Reviews, Image pack, Video, People also ask, Related searches"
google drive resume template,Informational,2400,49,2.02,"Sitelinks, AI Overview, Reviews, Video, People also ask, Related searches"
hard skills for resume,Informational,2400,36,0.10,"Sitelinks, AI Overview, Reviews, Image pack, Video, Video carousel, Short videos, People also ask, Related searches"
high school diploma on resume,Informational,2400,49,0.00,"Sitelinks, AI Overview, Reviews, Image pack, Video, People also ask, Related searches"
high school resume format,Informational,2400,43,1.08,"Reviews, Image, Image pack, Video, Video carousel, People also ask, Discussions and forums"
high school student resume examples,Informational,2400,39,0.64,"Reviews, Image, Image pack, Video, People also ask, Discussions and forums, Related searches"
how do you spell resume,Informational,2400,39,0.03,"Sitelinks, AI Overview, Reviews, Instant answer, Video, Video carousel, Short videos, People also ask, Related searches"
how should a resume look,Informational,2400,36,2.39,"Sitelinks, AI Overview, Reviews, Video, Video carousel, Short videos, People also ask, Discussions and forums, Related searches"
how to update resume on linkedin,Informational,2400,48,0.37,"AI Overview, Reviews, Video, Video carousel, People also ask, Related searches"
how to upload a resume to linkedin,Informational,2400,41,0.04,"AI Overview, Reviews, Video, Short videos, People also ask, Discussions and forums, Related searches"
how to upload resume on linkedin,Informational,2400,49,0.07,"AI Overview, Reviews, Video, People also ask, Related searches"
how to write resume,Informational,2400,46,2.13,"AI Overview, Reviews, Image pack, Video, Video carousel, People also ask, Related searches"
is a cv the same as a resume,Informational,2400,32,0.53,"Sitelinks, AI Overview, Reviews, Image pack, Video, Short videos, People also ask, Discussions and forums, Related searches"
latex resume,Informational,2400,41,1.34,"Sitelinks, Reviews, Image, Video, People also ask, Discussions and forums, Related searches"
list of skills for resume,Informational,2400,30,0.10,"Sitelinks, AI Overview, Reviews, Video, People also ask, Discussions and forums, Related searches"
medical assistant resume,Informational,2400,31,1.65,"Sitelinks, Reviews, Image, Image pack, Video, People also ask, Discussions and forums, Related searches, Things to know"
overleaf resume,"Informational, Navigational",2400,42,0.77,"Reviews, Image, Video, Video carousel, Discussions and forums, Related searches"
references for resume,Informational,2400,35,0.57,"Sitelinks, AI Overview, Reviews, Video, People also ask, Discussions and forums, Related searches"
resume font size,Informational,2400,45,0.23,"Sitelinks, AI Overview, Reviews, Image, Image pack, Video, People also ask"
resume format google docs,Informational,2400,38,1.83,"Sitelinks, AI Overview, Reviews, Video, Video carousel, Related searches"
resume google docs,Informational,2400,43,1.77,"Sitelinks, AI Overview, Reviews, Video, Related searches"
resume verbs,Informational,2400,49,0.06,"Reviews, Image pack, Video, Video carousel, Short videos, People also ask, Related searches"
resume writers near me,Transactional,2400,36,3.53,"Reviews, Video, People also ask, Local pack, Related searches"
resume/cv meaning,Informational,2400,46,0.43,"Sitelinks, AI Overview, Reviews, Video, Video carousel, People also ask, Related searches"
skills for resume examples,Informational,2400,41,0.14,"Sitelinks, AI Overview, Reviews, Image, Image pack, Video, People also ask, Discussions and forums, Related searches"
skills section of resume,Informational,2400,38,0.62,"Sitelinks, AI Overview, Reviews, Video, People also ask, Discussions and forums, Related searches"
soft skills for resume,Informational,2400,32,0.08,"Sitelinks, AI Overview, Reviews, Video, People also ask, Related searches"
software engineer resume,Informational,2400,37,1.47,"Sitelinks, Reviews, Image pack, Video, Related searches, Things to know"
technical skills for resume,Informational,2400,44,0.35,"Sitelinks, AI Overview, Reviews, Video, People also ask, Discussions and forums, Related searches"
the crucible resumen,Informational,2400,41,0.28,"AI Overview, Reviews, Video, Video carousel, People also ask, Related searches"
top resume,Commercial,2400,43,2.54,"Sitelinks, AI Overview, Reviews, Image pack, Video, Video carousel, People also ask, Local pack, Discussions and forums, Related searches"
upload resume to linkedin,Informational,2400,44,0.08,"AI Overview, Reviews, Video, Video carousel, Short videos, People also ask, Related searches"
what font should a resume be,Informational,2400,47,0.39,"Sitelinks, AI Overview, Reviews, Video, Short videos, People also ask, Discussions and forums, Related searches"
what font size should a resume be,Informational,2400,43,0.29,"Sitelinks, AI Overview, Reviews, Image pack, Video, People also ask, Discussions and forums, Related searches"
what to include in a resume,Informational,2400,35,0.71,"AI Overview, Reviews, Video, People also ask, Related searches"
zety resume,Navigational,2400,48,1.25,"Sitelinks, Reviews, Image pack, Video, Video carousel, People also ask, Related searches"
2 page resume,Informational,1900,32,1.04,"Sitelinks, AI Overview, Reviews, Video, Video carousel, People also ask, Discussions and forums, Related searches, Things to know"
actor resume,Informational,1900,34,0.83,"Sitelinks, Reviews, Image, Image pack, Video, Video carousel, People also ask, Related searches, Things to know"
basic things to put on a resume for begginers,Informational,1900,42,0.00,"Sitelinks, AI Overview, Image pack, Video, Video carousel, People also ask, Discussions and forums, Related searches"
best skills for resume,Commercial,1900,37,0.10,"Sitelinks, AI Overview, Video, People also ask, Discussions and forums, Related searches"
best way to list skills on resume examples,"Informational, Commercial",1900,33,0.00,"Sitelinks, AI Overview, Video, Video carousel, People also ask, Discussions and forums, Related searches"
certifications on resume,Informational,1900,32,2.41,"Sitelinks, AI Overview, Reviews, Image, Video, Video carousel, Short videos, People also ask, Discussions and forums, Related searches"
cfp ranings 2025 each teams resume,Informational,1900,30,0.00,"AI Overview, Video, Related searches"
chronological resume format,Informational,1900,43,1.65,"Sitelinks, AI Overview, Reviews, Image, Image pack, Video, Video carousel, People also ask, Related searches"
cna job description for resume,Commercial,1900,32,0.79,"Sitelinks, AI Overview, Reviews, Image pack, Video, People also ask, Related searches"
computer science resume,Informational,1900,35,1.25,"Sitelinks, Reviews, Image, Image pack, Video, Discussions and forums, Related searches"
custom resume to the job decriptopn,"Informational, Commercial",1900,36,0.00,"Sitelinks, AI Overview, Video, Video carousel, People also ask, Discussions and forums, Related searches, Ads bottom, Ads middle"
define resume and cv,Informational,1900,41,0.54,"Sitelinks, AI Overview, Reviews, Video, People also ask, Related searches"
definition of resume,Informational,1900,48,1.22,"AI Overview, Reviews, Video, Short videos, People also ask, Related searches"
definition of resumed,Informational,1900,43,1.22,"AI Overview, Video, People also ask, Related searches"
difference between resume and cv,Informational,1900,35,0.19,"Sitelinks, AI Overview, Video, People also ask, Discussions and forums, Related searches"
difference between resume curriculum vitae,Informational,1900,36,0.22,"Sitelinks, AI Overview, Video, People also ask, Related searches"
do resumes need an image,Informational,1900,31,0.00,"Sitelinks, AI Overview, Video, People also ask, Related searches"
download a users resume from linkedin,Informational,1900,37,0.00,"Sitelinks, AI Overview, Video, Video carousel, Short videos, People also ask, Discussions and forums, Related searches"
download resume from media linkedin,Navigational,1900,37,0.00,"Sitelinks, Video, People also ask, Related searches"
examples of resume skills,Informational,1900,35,0.14,"Sitelinks, AI Overview, Reviews, Image pack, Video, Short videos, People also ask, Related searches"
examples of skills to put on a resume,Informational,1900,32,0.08,"Sitelinks, AI Overview, Video, Video carousel, People also ask, Discussions and forums, Related searches"
federal resume format,Informational,1900,42,1.51,"AI Overview, Reviews, Video, Video carousel, People also ask, Discussions and forums, Related searches"
functional resume template,Informational,1900,43,1.22,"Sitelinks, AI Overview, Reviews, Image, Video, Related searches"
google docs resume templates free,Informational,1900,43,1.46,"Sitelinks, AI Overview, Reviews, Image pack, Video, Video carousel, People also ask, Related searches"
google resume format,Informational,1900,38,2.11,"Sitelinks, AI Overview, Reviews, Image pack, Video, Video carousel, People also ask, Related searches, Ads bottom"
great skills to put on a resume,Informational,1900,34,0.18,"Sitelinks, AI Overview, Video, People also ask, Discussions and forums, Related searches"
high school graduate resume,Informational,1900,45,1.26,"Sitelinks, AI Overview, Reviews, Image, Image pack, Video, People also ask, Discussions and forums, Related searches"
how do i upload my resume to linkedin,Informational,1900,40,0.05,"AI Overview, Video, People also ask, Related searches"
how to add resume on linkedin,Informational,1900,40,0.05,"AI Overview, Video, Short videos, People also ask, Discussions and forums, Related searches"
how to list certifications on resume,Informational,1900,32,0.39,"Sitelinks, AI Overview, Video, Video carousel, Short videos, People also ask, Discussions and forums, Related searches"
how to list education on resume,Informational,1900,32,0.19,"Sitelinks, AI Overview, Image pack, Video, Short videos, People also ask, Related searches"
how to make a resume with no experience,Informational,1900,45,1.40,"Sitelinks, AI Overview, Reviews, Image pack, Video, Video carousel, People also ask, Discussions and forums, Related searches"
how to put linkedin on resume,Informational,1900,47,0.08,"AI Overview, Image pack, Video, Video carousel, People also ask"
is a cv a resume,"Informational, Commercial",1900,46,2.22,"Sitelinks, AI Overview, Reviews, Video, Video carousel, People also ask, Discussions and forums, Related searches"
job in resume,Informational,1900,31,1.96,"Sitelinks, Reviews, Image pack, Video, Video carousel, People also ask, Discussions and forums, Related searches"
modern resume,Commercial,1900,42,2.03,"Sitelinks, AI Overview, Reviews, Image, Video, Video carousel, People also ask, Related searches"
professional summary for resume examples,Informational,1900,31,0.55,"Sitelinks, AI Overview, Reviews, Image, Image pack, Video, Short videos, People also ask, Discussions and forums, Related searches"
professional summary samples on resume,Informational,1900,44,0.55,"Sitelinks, AI Overview, Reviews, Video, Video carousel, People also ask, Related searches"
project manager resume,Informational,1900,38,0.87,"Sitelinks, AI Overview, Reviews, Video, People also ask, Related searches, Things to know"
reddit resume ai free,Navigational,1900,46,0.00,"Video, Related searches"
reddit resume template,Transactional,1900,49,2.92,"Image pack, Related searches"
resume 2025,Informational,1900,30,2.07,"Sitelinks, AI Overview, Reviews, Video, People also ask, Discussions and forums, Related searches"
resume college student,Informational,1900,44,0.00,"Sitelinks, Image pack, Video, Short videos, Related searches"
resume education section,Informational,1900,44,0.31,"Sitelinks, AI Overview, Image pack, Video, Video carousel, People also ask, Discussions and forums, Related searches"
resume focus,"Informational, Navigational",1900,36,3.16,"Sitelinks, Reviews, Image pack, Video, People also ask, Knowledge panel, Related searches"
resume font in word,Informational,1900,38,0.00,"Sitelinks, AI Overview, Image pack, Video, Video carousel, People also ask, Related searches"
resume format for applicant tracking system,Informational,1900,43,1.90,"Sitelinks, AI Overview, Reviews, Video, Video carousel, Related searches"
resume profile examples,Informational,1900,46,0.66,"AI Overview, Reviews, Image, Video, People also ask, Discussions and forums, Related searches"
resume template for google docs,Informational,1900,39,1.83,"Sitelinks, AI Overview, Reviews, Image pack, Video, People also ask, Related searches"
resume templates for google docs,Informational,1900,36,1.86,"Sitelinks, AI Overview, Reviews, Image pack, Video, Video carousel, Related searches, Ads bottom"
resume templates free google docs,Informational,1900,46,2.07,"Sitelinks, AI Overview, Reviews, Video, People also ask, Related searches"
resumen del real madrid,Informational,1900,31,0.00,"Instant answer, Video, Top stories, Related searches"
resumen real madrid,Informational,1900,34,0.00,"Instant answer, Video, Top stories, Related searches"
skills to put resume,Informational,1900,36,0.09,"Sitelinks, AI Overview, Video, People also ask, Discussions and forums, Related searches"
special skills for resume,Informational,1900,40,0.06,"Sitelinks, AI Overview, Video, People also ask, Related searches"
technical proficiency resume,Informational,1900,41,0.38,"Sitelinks, AI Overview, Video, Video carousel, People also ask, Discussions and forums, Related searches"
vmock resume,Navigational,1900,40,1.76,"Sitelinks, Reviews, Image pack, Video, Video carousel, People also ask, Discussions and forums, Related searches, Ads bottom"
what are skills to put on a resume,"Informational, Commercial",1900,36,0.12,"Sitelinks, AI Overview, Video, People also ask, Discussions and forums, Related searches"
what does cv stand for resume,Informational,1900,40,0.23,"Sitelinks, AI Overview, Image pack, Video, Short videos, People also ask, Related searches"
what is a good font for a resume,"Informational, Commercial",1900,39,0.21,"Sitelinks, AI Overview, Image pack, Video, People also ask, Discussions and forums, Related searches"
what is applicant tracking system resume,Informational,1900,47,1.00,"Sitelinks, AI Overview, Reviews, Video, Video carousel, People also ask, Related searches"
administrative assistant resume,Informational,1600,41,0.74,"Sitelinks, Image, Image pack, Video, People also ask, Related searches"
applicant tracking system resume,Informational,1600,49,1.50,"Sitelinks, AI Overview, Video, Video carousel, Short videos, People also ask, Discussions and forums, Related searches"
can i export linkedin profile as resume,Informational,1600,48,0.00,"Sitelinks, AI Overview, Video, Video carousel, Short videos, People also ask, Related searches"
can you put technical skills first on your resume,Informational,1600,36,0.00,"Sitelinks, AI Overview, Video, Video carousel, People also ask, Related searches"
canvas resume,"Informational, Navigational",1600,49,2.46,"Sitelinks, Image pack, Video, Video carousel, Related searches"
cashier job description for resume,"Informational, Commercial",1600,33,0.53,"Sitelinks, AI Overview, Video, People also ask, Discussions and forums, Related searches"
cashier work description resume,Informational,1600,36,0.42,"Sitelinks, AI Overview, Image pack, Video, Video carousel, People also ask, Discussions and forums, Related searches"
certified nursing assistant resume,Informational,1600,30,1.44,"Sitelinks, AI Overview, Reviews, Image pack, Video, Video carousel, People also ask, Discussions and forums, Related searches"
chronological resume,Informational,1600,43,1.84,"Sitelinks, AI Overview, Image, Image pack, Video, People also ask, Related searches"
cover page for resume,Informational,1600,49,1.49,"Sitelinks, AI Overview, Video, People also ask, Related searches"
craigslist resumes,"Navigational, Transactional",1600,33,13.39,"Sitelinks, Video, Related searches"
cs resume,Informational,1600,39,1.41,"Sitelinks, Image, Image pack, Video, People also ask, Discussions and forums, Related searches"
curriculum vitae resume meaning,Informational,1600,49,0.54,"AI Overview, Video, Video carousel, People also ask, Related searches"
do you put a photo on your resume in us,Informational,1600,30,0.00,"Sitelinks, AI Overview, Video, Video carousel, People also ask, Related searches"
duties for cashier resume,Informational,1600,34,0.42,"Sitelinks, AI Overview, Video, Video carousel, People also ask, Discussions and forums, Related searches"
education on resume,Informational,1600,34,1.36,"Sitelinks, AI Overview, Reviews, Image pack, Video, People also ask, Discussions and forums, Related searches"
engineering resume examples,Informational,1600,32,0.67,"Image, Image pack, Video, People also ask, Related searches"
executive resume,Informational,1600,30,3.61,"AI Overview, Video, Video carousel, People also ask, Related searches"
federal resume,Informational,1600,38,1.79,"Sitelinks, AI Overview, Reviews, Image, Image pack, Video, Related searches, Things to know"
federal resume example,Informational,1600,34,1.11,"Sitelinks, Image, Image pack, Video, People also ask, Related searches"
federal resume template format,Informational,1600,35,1.75,"Sitelinks, AI Overview, Image, Image pack, Video, People also ask, Related searches"
functional resume example,Informational,1600,46,0.46,"Sitelinks, Image, Image pack, Video, People also ask, Discussions and forums, Related searches"
generate resume from linkedin,Informational,1600,49,2.79,"Sitelinks, AI Overview, Reviews, Video, Discussions and forums, Related searches, Ads bottom"
google docs resume template free,Informational,1600,43,2.07,"Sitelinks, AI Overview, Reviews, Video, Video carousel, People also ask, Related searches"
graphic design resume,Informational,1600,33,1.14,"Sitelinks, Image, Image pack, Video, Related searches"
graphic designer resume,Informational,1600,38,0.82,"Sitelinks, Image, Image pack, Video, Related searches"
high school student resume with no work experience,Informational,1600,30,0.00,"Sitelinks, AI Overview, Image pack, Video, Video carousel, People also ask, Discussions and forums, Related searches"
how long should my resume be,Informational,1600,31,0.58,"Sitelinks, AI Overview, Video, Short videos, People also ask, Discussions and forums, Related searches"
how long should your resume be,Informational,1600,31,0.52,"Sitelinks, AI Overview, Video, People also ask, Discussions and forums, Related searches"
how to make a resume -ai,Informational,1600,45,2.69,"Featured snippet, Sitelinks, Video, Video carousel, People also ask, Discussions and forums, Related searches"
how to put certifications on resume,Informational,1600,37,0.39,"Sitelinks, AI Overview, Video, Video carousel, Short videos, People also ask, Discussions and forums, Related searches"
how to update linkedin resume,Informational,1600,35,0.37,"AI Overview, Reviews, Video, Short videos, People also ask, Related searches"
how to update resume in linkedin,Informational,1600,41,0.04,"AI Overview, Video, Short videos, People also ask, Related searches"
how to upload resume in linkedin,Informational,1600,40,0.03,"AI Overview, Video, Video carousel, Short videos, People also ask, Discussions and forums, Related searches"
how to upload your resume to linkedin,Informational,1600,40,0.04,"AI Overview, Video, Short videos, People also ask, Discussions and forums, Related searches"
how to write a resume summary,Informational,1600,41,0.46,"Sitelinks, AI Overview, Video, Video carousel, People also ask, Related searches"
how to write a resume with no experience,Informational,1600,42,1.08,"Sitelinks, AI Overview, Reviews, Video, Video carousel, People also ask, Discussions and forums, Related searches"
indeed find resumes,Navigational,1600,41,7.93,"Sitelinks, Video, Related searches"
is resume cv,Informational,1600,48,2.06,"Sitelinks, AI Overview, Image pack, Video, Short videos, People also ask, Discussions and forums, Related searches"
it resume examples,Informational,1600,44,0.79,"Sitelinks, Reviews, Image, Image pack, Video, People also ask, Related searches"
latex resume samples,Informational,1600,41,1.02,"Sitelinks, Image, Image pack, Video, Video carousel, People also ask, Related searches"
linkedin resume upload,"Informational, Navigational",1600,43,0.35,"Video, Video carousel, Short videos, People also ask, Related searches"
linkedin upload resume,"Informational, Transactional",1600,45,0.29,"Reviews, Video, Video carousel, People also ask, Related searches"
nursing assistant resume,Informational,1600,30,1.57,"Sitelinks, AI Overview, Image pack, Video, Video carousel, People also ask, Related searches"
objective at resume,Informational,1600,34,0.59,"Sitelinks, AI Overview, Image pack, Video, Video carousel, People also ask, Discussions and forums, Related searches"
one page resume template,Informational,1600,44,2.38,"Sitelinks, AI Overview, Image, Video, Related searches, Ads top, Ads bottom"
professional resume writer,Commercial,1600,41,4.76,"Sitelinks, Reviews, Video, People also ask, Local pack, Related searches"
project manager resume examples,Informational,1600,30,0.64,"Sitelinks, Image, Image pack, Video, People also ask, Related searches"
reference page for resume,Informational,1600,36,0.83,"Sitelinks, Image, Image pack, Video, Video carousel, People also ask, Related searches, Ads top"
resume ats,Informational,1600,48,1.55,"Sitelinks, AI Overview, Reviews, Image pack, Video, People also ask, Related searches, Things to know, Ads bottom"
resume examples for students,Informational,1600,44,0.69,"Reviews, Image, Image pack, Video, Video carousel, Related searches"
resume examples with no work experience,Informational,1600,36,0.98,"Sitelinks, AI Overview, Reviews, Image pack, Video, Video carousel, People also ask, Discussions and forums, Related searches"
resume folder,Commercial,1600,33,0.53,"Sitelinks, Image, Image pack, Video, People also ask, Related searches, Popular products"
resume font,Informational,1600,43,0.40,"Sitelinks, AI Overview, Image pack, Video, People also ask, Related searches"
resume fonts,"Informational, Commercial",1600,40,0.60,"Sitelinks, AI Overview, Reviews, Video, Video carousel, Short videos, People also ask, Related searches"
resume now.com,Navigational,1600,31,0.94,"Sitelinks, Reviews, Video, People also ask"
resume of service,Informational,1600,47,4.03,"Sitelinks, AI Overview, Reviews, Image pack, Video, Video carousel, People also ask, Related searches"
